"","Hybrid","Local","Global"
"1",0.626521574963133,0.959854908296467,1.5431882416298
"2",2.54014509170353,2.87347842503687,3.4568117583702
