"","Hybrid","Local","Global"
"1",0.876521574963133,0.876521574963133,1.37652157496313
"2",2.79014509170353,2.79014509170353,3.29014509170353
