"","Global","HPML","Local"
"1",0.709854908296467,1.12652157496313,1.2931882416298
"2",2.62347842503687,3.04014509170353,3.2068117583702
