"","Global","Local","Hybrid"
"1",0.459854908296467,1.12652157496313,1.5431882416298
"2",2.37347842503687,3.04014509170353,3.4568117583702
