"","Local","Hybrid","Global"
"1",0.709854908296467,0.7931882416298,1.62652157496313
"2",2.62347842503687,2.7068117583702,3.54014509170353
