"","Global","Local","Hybrid"
"1",0.709854908296467,1.0431882416298,1.37652157496313
"2",2.62347842503687,2.9568117583702,3.29014509170353
