"","Local","HPML","Global"
"1",0.459854908296467,0.959854908296467,1.70985490829647
"2",2.37347842503687,2.87347842503687,3.62347842503687
