"","Local","HPML","Global"
"1",0.709854908296467,0.876521574963133,1.5431882416298
"2",2.62347842503687,2.79014509170353,3.4568117583702
