"","Local","HPML","Global"
"1",0.5431882416298,0.709854908296467,1.87652157496313
"2",2.4568117583702,2.62347842503687,3.79014509170353
