"","HPML","Local","Global"
"1",0.876521574963133,1.0431882416298,1.20985490829647
"2",2.79014509170353,2.9568117583702,3.12347842503687
