"","Global","Local","Hybrid"
"1",0.5431882416298,0.959854908296467,1.62652157496313
"2",2.4568117583702,2.87347842503687,3.54014509170353
