"","Local","HPML","Global"
"1",0.7931882416298,1.12652157496313,1.20985490829647
"2",2.7068117583702,3.04014509170353,3.12347842503687
