"","Local","Global","HPML"
"1",0.959854908296467,0.959854908296467,1.20985490829647
"2",2.87347842503687,2.87347842503687,3.12347842503687
