"","Local","HPML","Global"
"1",0.626521574963133,0.7931882416298,1.70985490829647
"2",2.54014509170353,2.7068117583702,3.62347842503687
