"","Global","Local","HPML"
"1",0.459854908296467,1.2931882416298,1.37652157496313
"2",2.37347842503687,3.2068117583702,3.29014509170353
