"","Global","Local","HPML"
"1",0.876521574963133,1.08485490829647,1.1681882416298
"2",2.79014509170353,2.99847842503687,3.0818117583702
