"","Global","Local","Hybrid"
"1",0.459854908296467,1.20985490829647,1.45985490829647
"2",2.37347842503687,3.12347842503687,3.37347842503687
