"","Local","Hybrid","Global"
"1",0.459854908296467,0.709854908296467,1.95985490829647
"2",2.37347842503687,2.62347842503687,3.87347842503687
