"","Global","Local","HPML"
"1",0.334854908296467,1.20985490829647,1.58485490829647
"2",2.24847842503687,3.12347842503687,3.49847842503687
