"","Global","Local","HPML"
"1",0.6681882416298,1.0431882416298,1.4181882416298
"2",2.5818117583702,2.9568117583702,3.3318117583702
